Epoch,Phase,Train Loss,Train Acc %,Val Loss,Val Acc %,Model Saved
1,Phase 1,0.953,82.44,0.3541,92.02,YES
2,Phase 1,0.3155,92.32,0.2405,93.81,YES
3,Phase 1,0.2239,94.44,0.1966,94.76,YES
4,Phase 1,0.1784,95.42,0.1708,95.18,YES
5,Phase 1,0.156,95.89,0.1584,95.14,
1,Phase 2,0.0972,96.81,0.0648,97.98,YES
2,Phase 2,0.0314,99.05,0.0702,97.53,
3,Phase 2,0.0164,99.48,0.0552,98.21,YES
4,Phase 2,0.0172,99.47,0.062,98.03,
5,Phase 2,0.0112,99.61,0.0636,98.23,YES
6,Phase 2,0.0093,99.7,0.0766,97.87,
7,Phase 2,0.0148,99.51,0.0752,98.16,
8,Phase 2,0.0093,99.72,0.0497,98.5,YES
9,Phase 2,0.0109,99.64,0.0632,98.18,
10,Phase 2,0.0073,99.76,0.0578,98.48,
